open_time,open,high,low,close,volume,close_time,amount,trade_count,open_time_unix_ms,close_time_unix_ms,btc_close_price,strike_price_K,time_to_maturity_t2m,current_time_t,contract_duration_T
2025-11-07 15:00:00,3325,3325,3325,3325,2,2025-11-07 16:00:00,6650,1,1762502400000,1762506000000,101496.18000000,100000,0.01906393,0.00011416,0.01917808
2025-11-07 16:00:00,2970,2970,2935,2940,0.22,2025-11-07 17:00:00,648.9,3,1762506000000,1762509600000,101013.66000000,100000,0.01894977,0.00022831,0.01917808
2025-11-07 17:00:00,2970,3025,2970,3025,1.97,2025-11-07 18:00:00,5933.75,3,1762509600000,1762513200000,100770.85000000,100000,0.01883562,0.00034247,0.01917808
2025-11-07 18:00:00,2640,2640,2380,2640,1.48,2025-11-07 19:00:00,3563,4,1762513200000,1762516800000,100411.89000000,100000,0.01872146,0.00045662,0.01917808
2025-11-07 19:00:00,2350,2350,2300,2300,0.39,2025-11-07 20:00:00,905.1,3,1762516800000,1762520400000,99638.28000000,100000,0.01860731,0.00057078,0.01917808
2025-11-07 20:00:00,2300,2300,2300,2300,0,2025-11-07 21:00:00,0,0,1762520400000,1762524000000,100347.35000000,100000,0.01849315,0.00068493,0.01917808
2025-11-07 21:00:00,2485,2735,2485,2735,0.5,2025-11-07 22:00:00,1267.5,2,1762524000000,1762527600000,100806.08000000,100000,0.01837900,0.00079909,0.01917808
2025-11-07 22:00:00,2770,2870,2645,2870,0.26,2025-11-07 23:00:00,726.85,4,1762527600000,1762531200000,100797.95000000,100000,0.01826484,0.00091324,0.01917808
2025-11-07 23:00:00,2870,2870,2870,2870,0,2025-11-08 00:00:00,0,0,1762531200000,1762534800000,101169.20000000,100000,0.01815068,0.00102740,0.01917808
2025-11-08 00:00:00,3280,3280,3280,3280,0.02,2025-11-08 01:00:00,65.6,1,1762534800000,1762538400000,102397.12000000,100000,0.01803653,0.00114155,0.01917808
2025-11-08 01:00:00,3700,3700,3700,3700,0.02,2025-11-08 02:00:00,74,1,1762538400000,1762542000000,102609.46000000,100000,0.01792237,0.00125571,0.01917808
2025-11-08 02:00:00,3985,3985,3985,3985,0.03,2025-11-08 03:00:00,119.55,1,1762542000000,1762545600000,103395.25000000,100000,0.01780822,0.00136986,0.01917808
2025-11-08 03:00:00,3985,3985,3985,3985,0,2025-11-08 04:00:00,0,0,1762545600000,1762549200000,103783.09000000,100000,0.01769406,0.00148402,0.01917808
2025-11-08 04:00:00,3985,3985,3985,3985,0,2025-11-08 05:00:00,0,0,1762549200000,1762552800000,103879.23000000,100000,0.01757991,0.00159817,0.01917808
2025-11-08 05:00:00,3985,3985,3985,3985,0,2025-11-08 06:00:00,0,0,1762552800000,1762556400000,103633.03000000,100000,0.01746575,0.00171233,0.01917808
2025-11-08 06:00:00,3985,3985,3985,3985,0,2025-11-08 07:00:00,0,0,1762556400000,1762560000000,103339.08000000,100000,0.01735160,0.00182648,0.01917808
2025-11-08 07:00:00,3980,3980,3980,3980,0.01,2025-11-08 08:00:00,39.8,1,1762560000000,1762563600000,102713.15000000,100000,0.01723744,0.00194064,0.01917808
2025-11-08 08:00:00,3980,3980,3980,3980,0,2025-11-08 09:00:00,0,0,1762563600000,1762567200000,102996.84000000,100000,0.01712329,0.00205479,0.01917808
2025-11-08 09:00:00,3980,3980,3980,3980,0,2025-11-08 10:00:00,0,0,1762567200000,1762570800000,102846.65000000,100000,0.01700913,0.00216895,0.01917808
2025-11-08 10:00:00,3980,3980,3980,3980,0,2025-11-08 11:00:00,0,0,1762570800000,1762574400000,102592.76000000,100000,0.01689498,0.00228311,0.01917808
2025-11-08 11:00:00,3980,3980,3980,3980,0,2025-11-08 12:00:00,0,0,1762574400000,1762578000000,102565.03000000,100000,0.01678082,0.00239726,0.01917808
2025-11-08 12:00:00,3980,3980,3980,3980,0,2025-11-08 13:00:00,0,0,1762578000000,1762581600000,102304.00000000,100000,0.01666667,0.00251142,0.01917808
2025-11-08 13:00:00,3980,3980,3980,3980,0,2025-11-08 14:00:00,0,0,1762581600000,1762585200000,102215.62000000,100000,0.01655251,0.00262557,0.01917808
2025-11-08 14:00:00,3980,3980,3980,3980,0,2025-11-08 15:00:00,0,0,1762585200000,1762588800000,102352.96000000,100000,0.01643836,0.00273973,0.01917808
2025-11-08 15:00:00,3980,3980,3980,3980,0,2025-11-08 16:00:00,0,0,1762588800000,1762592400000,102431.74000000,100000,0.01632420,0.00285388,0.01917808
2025-11-08 16:00:00,3980,3980,3980,3980,0,2025-11-08 17:00:00,0,0,1762592400000,1762596000000,102399.46000000,100000,0.01621005,0.00296804,0.01917808
2025-11-08 17:00:00,3980,3980,3980,3980,0,2025-11-08 18:00:00,0,0,1762596000000,1762599600000,102480.04000000,100000,0.01609589,0.00308219,0.01917808
2025-11-08 18:00:00,3980,3980,3980,3980,0,2025-11-08 19:00:00,0,0,1762599600000,1762603200000,101857.10000000,100000,0.01598174,0.00319635,0.01917808
2025-11-08 19:00:00,3980,3980,3980,3980,0,2025-11-08 20:00:00,0,0,1762603200000,1762606800000,102065.14000000,100000,0.01586758,0.00331050,0.01917808
2025-11-08 20:00:00,3980,3980,3980,3980,0,2025-11-08 21:00:00,0,0,1762606800000,1762610400000,101804.63000000,100000,0.01575342,0.00342466,0.01917808
2025-11-08 21:00:00,3980,3980,3980,3980,0,2025-11-08 22:00:00,0,0,1762610400000,1762614000000,101827.19000000,100000,0.01563927,0.00353881,0.01917808
2025-11-08 22:00:00,3030,3030,3030,3030,0.01,2025-11-08 23:00:00,30.3,1,1762614000000,1762617600000,101711.45000000,100000,0.01552511,0.00365297,0.01917808
2025-11-08 23:00:00,3030,3030,3030,3030,0,2025-11-09 00:00:00,0,0,1762617600000,1762621200000,101850.22000000,100000,0.01541096,0.00376712,0.01917808
2025-11-09 00:00:00,3030,3030,3030,3030,0,2025-11-09 01:00:00,0,0,1762621200000,1762624800000,101994.52000000,100000,0.01529680,0.00388128,0.01917808
2025-11-09 01:00:00,3030,3030,3030,3030,0,2025-11-09 02:00:00,0,0,1762624800000,1762628400000,102139.53000000,100000,0.01518265,0.00399543,0.01917808
2025-11-09 02:00:00,3030,3030,3030,3030,0,2025-11-09 03:00:00,0,0,1762628400000,1762632000000,101989.65000000,100000,0.01506849,0.00410959,0.01917808
2025-11-09 03:00:00,3030,3030,3030,3030,0,2025-11-09 04:00:00,0,0,1762632000000,1762635600000,102068.06000000,100000,0.01495434,0.00422374,0.01917808
2025-11-09 04:00:00,3030,3030,3030,3030,0,2025-11-09 05:00:00,0,0,1762635600000,1762639200000,102272.81000000,100000,0.01484018,0.00433790,0.01917808
2025-11-09 05:00:00,3030,3030,3030,3030,0,2025-11-09 06:00:00,0,0,1762639200000,1762642800000,102377.46000000,100000,0.01472603,0.00445205,0.01917808
2025-11-09 06:00:00,3030,3030,3030,3030,0,2025-11-09 07:00:00,0,0,1762642800000,1762646400000,102312.94000000,100000,0.01461187,0.00456621,0.01917808
2025-11-09 07:00:00,3030,3030,3030,3030,0,2025-11-09 08:00:00,0,0,1762646400000,1762650000000,101797.74000000,100000,0.01449772,0.00468037,0.01917808
2025-11-09 08:00:00,3030,3030,3030,3030,0,2025-11-09 09:00:00,0,0,1762650000000,1762653600000,102045.07000000,100000,0.01438356,0.00479452,0.01917808
2025-11-09 09:00:00,3000,3000,3000,3000,0.01,2025-11-09 10:00:00,30,1,1762653600000,1762657200000,101633.25000000,100000,0.01426941,0.00490868,0.01917808
2025-11-09 10:00:00,2875,2930,2875,2930,1.51,2025-11-09 11:00:00,4341.8,2,1762657200000,1762660800000,101662.05000000,100000,0.01415525,0.00502283,0.01917808
2025-11-09 11:00:00,2930,2930,2930,2930,0,2025-11-09 12:00:00,0,0,1762660800000,1762664400000,101724.91000000,100000,0.01404110,0.00513699,0.01917808
2025-11-09 12:00:00,2930,2930,2930,2930,0,2025-11-09 13:00:00,0,0,1762664400000,1762668000000,101928.54000000,100000,0.01392694,0.00525114,0.01917808
2025-11-09 13:00:00,2930,2930,2930,2930,0,2025-11-09 14:00:00,0,0,1762668000000,1762671600000,101752.83000000,100000,0.01381279,0.00536530,0.01917808
2025-11-09 14:00:00,2930,2930,2930,2930,0,2025-11-09 15:00:00,0,0,1762671600000,1762675200000,101944.59000000,100000,0.01369863,0.00547945,0.01917808
2025-11-09 15:00:00,2930,2930,2930,2930,0,2025-11-09 16:00:00,0,0,1762675200000,1762678800000,101972.94000000,100000,0.01358447,0.00559361,0.01917808
2025-11-09 16:00:00,2930,2930,2930,2930,0,2025-11-09 17:00:00,0,0,1762678800000,1762682400000,101657.46000000,100000,0.01347032,0.00570776,0.01917808
2025-11-09 17:00:00,2930,2930,2930,2930,0,2025-11-09 18:00:00,0,0,1762682400000,1762686000000,101876.36000000,100000,0.01335616,0.00582192,0.01917808
2025-11-09 18:00:00,2930,2930,2930,2930,0,2025-11-09 19:00:00,0,0,1762686000000,1762689600000,102239.41000000,100000,0.01324201,0.00593607,0.01917808
2025-11-09 19:00:00,3360,3360,3360,3360,0.01,2025-11-09 20:00:00,33.6,1,1762689600000,1762693200000,102086.90000000,100000,0.01312785,0.00605023,0.01917808
2025-11-09 20:00:00,3360,3360,3360,3360,0,2025-11-09 21:00:00,0,0,1762693200000,1762696800000,102911.39000000,100000,0.01301370,0.00616438,0.01917808
2025-11-09 21:00:00,3360,3360,3360,3360,0,2025-11-09 22:00:00,0,0,1762696800000,1762700400000,103037.90000000,100000,0.01289954,0.00627854,0.01917808
2025-11-09 22:00:00,3360,3360,3360,3360,0,2025-11-09 23:00:00,0,0,1762700400000,1762704000000,103762.17000000,100000,0.01278539,0.00639269,0.01917808
2025-11-09 23:00:00,3360,3360,3360,3360,0,2025-11-10 00:00:00,0,0,1762704000000,1762707600000,103845.04000000,100000,0.01267123,0.00650685,0.01917808
2025-11-10 00:00:00,3360,3360,3360,3360,0,2025-11-10 01:00:00,0,0,1762707600000,1762711200000,103637.57000000,100000,0.01255708,0.00662100,0.01917808
2025-11-10 01:00:00,3360,3360,3360,3360,0,2025-11-10 02:00:00,0,0,1762711200000,1762714800000,104512.65000000,100000,0.01244292,0.00673516,0.01917808
2025-11-10 02:00:00,5510,5510,5510,5510,0.01,2025-11-10 03:00:00,55.1,1,1762714800000,1762718400000,104805.57000000,100000,0.01232877,0.00684932,0.01917808
2025-11-10 03:00:00,5510,5510,5510,5510,0,2025-11-10 04:00:00,0,0,1762718400000,1762722000000,104633.12000000,100000,0.01221461,0.00696347,0.01917808
2025-11-10 04:00:00,5510,5510,5510,5510,0,2025-11-10 05:00:00,0,0,1762722000000,1762725600000,104528.82000000,100000,0.01210046,0.00707763,0.01917808
2025-11-10 05:00:00,5510,5510,5510,5510,0,2025-11-10 06:00:00,0,0,1762725600000,1762729200000,104732.48000000,100000,0.01198630,0.00719178,0.01917808
2025-11-10 06:00:00,6000,6000,6000,6000,0.03,2025-11-10 07:00:00,180,2,1762729200000,1762732800000,104722.96000000,100000,0.01187215,0.00730594,0.01917808
2025-11-10 07:00:00,6000,6000,6000,6000,0,2025-11-10 08:00:00,0,0,1762732800000,1762736400000,106314.96000000,100000,0.01175799,0.00742009,0.01917808
2025-11-10 08:00:00,6000,6000,6000,6000,0,2025-11-10 09:00:00,0,0,1762736400000,1762740000000,105699.99000000,100000,0.01164384,0.00753425,0.01917808
2025-11-10 09:00:00,6000,6000,6000,6000,0,2025-11-10 10:00:00,0,0,1762740000000,1762743600000,106006.69000000,100000,0.01152968,0.00764840,0.01917808
2025-11-10 10:00:00,6000,6000,6000,6000,0,2025-11-10 11:00:00,0,0,1762743600000,1762747200000,106027.97000000,100000,0.01141553,0.00776256,0.01917808
2025-11-10 11:00:00,6000,6000,6000,6000,0,2025-11-10 12:00:00,0,0,1762747200000,1762750800000,106153.14000000,100000,0.01130137,0.00787671,0.01917808
2025-11-10 12:00:00,6000,6000,6000,6000,0,2025-11-10 13:00:00,0,0,1762750800000,1762754400000,106100.00000000,100000,0.01118721,0.00799087,0.01917808
2025-11-10 13:00:00,6000,6000,6000,6000,0,2025-11-10 14:00:00,0,0,1762754400000,1762758000000,106221.88000000,100000,0.01107306,0.00810502,0.01917808
2025-11-10 14:00:00,6000,6000,6000,6000,0,2025-11-10 15:00:00,0,0,1762758000000,1762761600000,106461.45000000,100000,0.01095890,0.00821918,0.01917808
2025-11-10 15:00:00,6000,6000,6000,6000,0,2025-11-10 16:00:00,0,0,1762761600000,1762765200000,105965.46000000,100000,0.01084475,0.00833333,0.01917808
2025-11-10 16:00:00,6000,6000,6000,6000,0,2025-11-10 17:00:00,0,0,1762765200000,1762768800000,106440.00000000,100000,0.01073059,0.00844749,0.01917808
2025-11-10 17:00:00,6000,6000,6000,6000,0,2025-11-10 18:00:00,0,0,1762768800000,1762772400000,105995.26000000,100000,0.01061644,0.00856164,0.01917808
2025-11-10 18:00:00,6000,6000,6000,6000,0,2025-11-10 19:00:00,0,0,1762772400000,1762776000000,106176.50000000,100000,0.01050228,0.00867580,0.01917808
2025-11-10 19:00:00,6000,6000,6000,6000,0,2025-11-10 20:00:00,0,0,1762776000000,1762779600000,105944.17000000,100000,0.01038813,0.00878995,0.01917808
2025-11-10 20:00:00,6000,6000,6000,6000,0,2025-11-10 21:00:00,0,0,1762779600000,1762783200000,106548.02000000,100000,0.01027397,0.00890411,0.01917808
2025-11-10 21:00:00,6000,6000,6000,6000,0,2025-11-10 22:00:00,0,0,1762783200000,1762786800000,104898.15000000,100000,0.01015982,0.00901826,0.01917808
2025-11-10 22:00:00,6000,6000,6000,6000,0,2025-11-10 23:00:00,0,0,1762786800000,1762790400000,105079.99000000,100000,0.01004566,0.00913242,0.01917808
2025-11-10 23:00:00,6000,6000,6000,6000,0,2025-11-11 00:00:00,0,0,1762790400000,1762794000000,105242.05000000,100000,0.00993151,0.00924658,0.01917808
2025-11-11 00:00:00,6000,6000,6000,6000,0,2025-11-11 01:00:00,0,0,1762794000000,1762797600000,105953.10000000,100000,0.00981735,0.00936073,0.01917808
2025-11-11 01:00:00,6000,6000,6000,6000,0,2025-11-11 02:00:00,0,0,1762797600000,1762801200000,105478.00000000,100000,0.00970320,0.00947489,0.01917808
2025-11-11 02:00:00,6000,6000,6000,6000,0,2025-11-11 03:00:00,0,0,1762801200000,1762804800000,105817.99000000,100000,0.00958904,0.00958904,0.01917808
2025-11-11 03:00:00,6000,6000,6000,6000,0,2025-11-11 04:00:00,0,0,1762804800000,1762808400000,106010.73000000,100000,0.00947489,0.00970320,0.01917808
2025-11-11 04:00:00,6000,6000,6000,6000,0,2025-11-11 05:00:00,0,0,1762808400000,1762812000000,105631.27000000,100000,0.00936073,0.00981735,0.01917808
2025-11-11 05:00:00,6000,6000,6000,6000,0,2025-11-11 06:00:00,0,0,1762812000000,1762815600000,106062.80000000,100000,0.00924658,0.00993151,0.01917808
2025-11-11 06:00:00,6000,6000,6000,6000,0,2025-11-11 07:00:00,0,0,1762815600000,1762819200000,106011.13000000,100000,0.00913242,0.01004566,0.01917808
2025-11-11 07:00:00,6000,6000,6000,6000,0,2025-11-11 08:00:00,0,0,1762819200000,1762822800000,106139.83000000,100000,0.00901826,0.01015982,0.01917808
2025-11-11 08:00:00,7245,7245,7245,7245,0.01,2025-11-11 09:00:00,72.45,1,1762822800000,1762826400000,106110.36000000,100000,0.00890411,0.01027397,0.01917808
2025-11-11 09:00:00,7245,7245,7245,7245,0,2025-11-11 10:00:00,0,0,1762826400000,1762830000000,106655.02000000,100000,0.00878995,0.01038813,0.01917808
2025-11-11 10:00:00,7245,7245,7245,7245,0,2025-11-11 11:00:00,0,0,1762830000000,1762833600000,106456.00000000,100000,0.00867580,0.01050228,0.01917808
2025-11-11 11:00:00,7245,7245,7245,7245,0,2025-11-11 12:00:00,0,0,1762833600000,1762837200000,105755.32000000,100000,0.00856164,0.01061644,0.01917808
2025-11-11 12:00:00,7245,7245,7245,7245,0,2025-11-11 13:00:00,0,0,1762837200000,1762840800000,105249.35000000,100000,0.00844749,0.01073059,0.01917808
2025-11-11 13:00:00,7245,7245,7245,7245,0,2025-11-11 14:00:00,0,0,1762840800000,1762844400000,105261.27000000,100000,0.00833333,0.01084475,0.01917808
2025-11-11 14:00:00,7245,7245,7245,7245,0,2025-11-11 15:00:00,0,0,1762844400000,1762848000000,104783.98000000,100000,0.00821918,0.01095890,0.01917808
2025-11-11 15:00:00,7245,7245,7245,7245,0,2025-11-11 16:00:00,0,0,1762848000000,1762851600000,105157.80000000,100000,0.00810502,0.01107306,0.01917808
2025-11-11 16:00:00,7245,7245,7245,7245,0,2025-11-11 17:00:00,0,0,1762851600000,1762855200000,104971.63000000,100000,0.00799087,0.01118721,0.01917808
2025-11-11 17:00:00,7245,7245,7245,7245,0,2025-11-11 18:00:00,0,0,1762855200000,1762858800000,105176.38000000,100000,0.00787671,0.01130137,0.01917808
2025-11-11 18:00:00,5585,5585,5585,5585,0.09,2025-11-11 19:00:00,502.65,1,1762858800000,1762862400000,105311.90000000,100000,0.00776256,0.01141553,0.01917808
2025-11-11 19:00:00,5585,5585,5585,5585,0,2025-11-11 20:00:00,0,0,1762862400000,1762866000000,104530.83000000,100000,0.00764840,0.01152968,0.01917808
2025-11-11 20:00:00,5585,5585,5585,5585,0,2025-11-11 21:00:00,0,0,1762866000000,1762869600000,104390.92000000,100000,0.00753425,0.01164384,0.01917808
2025-11-11 21:00:00,5585,5585,5585,5585,0,2025-11-11 22:00:00,0,0,1762869600000,1762873200000,104560.16000000,100000,0.00742009,0.01175799,0.01917808
2025-11-11 22:00:00,5585,5585,5585,5585,0,2025-11-11 23:00:00,0,0,1762873200000,1762876800000,103455.99000000,100000,0.00730594,0.01187215,0.01917808
2025-11-11 23:00:00,3975,3975,3975,3975,0.13,2025-11-12 00:00:00,516.75,1,1762876800000,1762880400000,103399.43000000,100000,0.00719178,0.01198630,0.01917808
2025-11-12 00:00:00,3975,3975,3975,3975,0,2025-11-12 01:00:00,0,0,1762880400000,1762884000000,103338.99000000,100000,0.00707763,0.01210046,0.01917808
2025-11-12 01:00:00,3975,3975,3975,3975,0,2025-11-12 02:00:00,0,0,1762884000000,1762887600000,103401.07000000,100000,0.00696347,0.01221461,0.01917808
2025-11-12 02:00:00,3755,3755,3755,3755,0.22,2025-11-12 03:00:00,826.1,1,1762887600000,1762891200000,103126.39000000,100000,0.00684932,0.01232877,0.01917808
2025-11-12 03:00:00,3755,3755,3755,3755,0,2025-11-12 04:00:00,0,0,1762891200000,1762894800000,102809.27000000,100000,0.00673516,0.01244292,0.01917808
2025-11-12 04:00:00,3755,3755,3755,3755,0,2025-11-12 05:00:00,0,0,1762894800000,1762898400000,102633.92000000,100000,0.00662100,0.01255708,0.01917808
2025-11-12 05:00:00,3755,3755,3755,3755,0,2025-11-12 06:00:00,0,0,1762898400000,1762902000000,103000.01000000,100000,0.00650685,0.01267123,0.01917808
2025-11-12 06:00:00,3755,3755,3755,3755,0,2025-11-12 07:00:00,0,0,1762902000000,1762905600000,103058.99000000,100000,0.00639269,0.01278539,0.01917808
2025-11-12 07:00:00,3755,3755,3755,3755,0,2025-11-12 08:00:00,0,0,1762905600000,1762909200000,102885.99000000,100000,0.00627854,0.01289954,0.01917808
2025-11-12 08:00:00,3755,3755,3755,3755,0,2025-11-12 09:00:00,0,0,1762909200000,1762912800000,103254.64000000,100000,0.00616438,0.01301370,0.01917808
2025-11-12 09:00:00,3755,3755,3755,3755,0,2025-11-12 10:00:00,0,0,1762912800000,1762916400000,103151.66000000,100000,0.00605023,0.01312785,0.01917808
2025-11-12 10:00:00,3755,3755,3755,3755,0,2025-11-12 11:00:00,0,0,1762916400000,1762920000000,103310.00000000,100000,0.00593607,0.01324201,0.01917808
2025-11-12 11:00:00,3755,3755,3755,3755,0,2025-11-12 12:00:00,0,0,1762920000000,1762923600000,103246.87000000,100000,0.00582192,0.01335616,0.01917808
2025-11-12 12:00:00,3755,3755,3755,3755,0,2025-11-12 13:00:00,0,0,1762923600000,1762927200000,103385.30000000,100000,0.00570776,0.01347032,0.01917808
2025-11-12 13:00:00,3755,3755,3755,3755,0,2025-11-12 14:00:00,0,0,1762927200000,1762930800000,103366.97000000,100000,0.00559361,0.01358447,0.01917808
2025-11-12 14:00:00,3755,3755,3755,3755,0,2025-11-12 15:00:00,0,0,1762930800000,1762934400000,103112.66000000,100000,0.00547945,0.01369863,0.01917808
2025-11-12 15:00:00,3755,3755,3755,3755,0,2025-11-12 16:00:00,0,0,1762934400000,1762938000000,104147.24000000,100000,0.00536530,0.01381279,0.01917808
2025-11-12 16:00:00,3755,3755,3755,3755,0,2025-11-12 17:00:00,0,0,1762938000000,1762941600000,104521.56000000,100000,0.00525114,0.01392694,0.01917808
2025-11-12 17:00:00,3755,3755,3755,3755,0,2025-11-12 18:00:00,0,0,1762941600000,1762945200000,104899.99000000,100000,0.00513699,0.01404110,0.01917808
2025-11-12 18:00:00,5180,5180,5180,5180,0.01,2025-11-12 19:00:00,51.8,1,1762945200000,1762948800000,105020.83000000,100000,0.00502283,0.01415525,0.01917808
2025-11-12 19:00:00,5180,5180,5180,5180,0,2025-11-12 20:00:00,0,0,1762948800000,1762952400000,104993.74000000,100000,0.00490868,0.01426941,0.01917808
2025-11-12 20:00:00,5180,5180,5180,5180,0,2025-11-12 21:00:00,0,0,1762952400000,1762956000000,105039.99000000,100000,0.00479452,0.01438356,0.01917808
2025-11-12 21:00:00,5180,5180,5180,5180,0,2025-11-12 22:00:00,0,0,1762956000000,1762959600000,103990.40000000,100000,0.00468037,0.01449772,0.01917808
2025-11-12 22:00:00,5180,5180,5180,5180,0,2025-11-12 23:00:00,0,0,1762959600000,1762963200000,102173.51000000,100000,0.00456621,0.01461187,0.01917808
2025-11-12 23:00:00,5180,5180,5180,5180,0,2025-11-13 00:00:00,0,0,1762963200000,1762966800000,101442.61000000,100000,0.00445205,0.01472603,0.01917808
2025-11-13 00:00:00,2345,2345,2345,2345,0.01,2025-11-13 01:00:00,23.45,1,1762966800000,1762970400000,101748.02000000,100000,0.00433790,0.01484018,0.01917808
2025-11-13 01:00:00,2345,2345,2345,2345,0,2025-11-13 02:00:00,0,0,1762970400000,1762974000000,101542.17000000,100000,0.00422374,0.01495434,0.01917808
2025-11-13 02:00:00,2345,2345,2345,2345,0,2025-11-13 03:00:00,0,0,1762974000000,1762977600000,101297.31000000,100000,0.00410959,0.01506849,0.01917808
2025-11-13 03:00:00,2345,2345,2345,2345,0,2025-11-13 04:00:00,0,0,1762977600000,1762981200000,101539.01000000,100000,0.00399543,0.01518265,0.01917808
2025-11-13 04:00:00,2345,2345,2345,2345,0,2025-11-13 05:00:00,0,0,1762981200000,1762984800000,101920.47000000,100000,0.00388128,0.01529680,0.01917808
2025-11-13 05:00:00,2345,2345,2345,2345,0,2025-11-13 06:00:00,0,0,1762984800000,1762988400000,101978.96000000,100000,0.00376712,0.01541096,0.01917808
2025-11-13 06:00:00,2345,2345,2345,2345,0,2025-11-13 07:00:00,0,0,1762988400000,1762992000000,101654.37000000,100000,0.00365297,0.01552511,0.01917808
2025-11-13 07:00:00,2345,2345,2345,2345,0,2025-11-13 08:00:00,0,0,1762992000000,1762995600000,101854.58000000,100000,0.00353881,0.01563927,0.01917808
2025-11-13 08:00:00,2345,2345,2345,2345,0,2025-11-13 09:00:00,0,0,1762995600000,1762999200000,102007.00000000,100000,0.00342466,0.01575342,0.01917808
2025-11-13 09:00:00,2345,2345,2345,2345,0,2025-11-13 10:00:00,0,0,1762999200000,1763002800000,102064.41000000,100000,0.00331050,0.01586758,0.01917808
2025-11-13 10:00:00,2345,2345,2345,2345,0,2025-11-13 11:00:00,0,0,1763002800000,1763006400000,102130.21000000,100000,0.00319635,0.01598174,0.01917808
2025-11-13 11:00:00,2345,2345,2345,2345,0,2025-11-13 12:00:00,0,0,1763006400000,1763010000000,102120.00000000,100000,0.00308219,0.01609589,0.01917808
2025-11-13 12:00:00,2345,2345,2345,2345,0,2025-11-13 13:00:00,0,0,1763010000000,1763013600000,103135.84000000,100000,0.00296804,0.01621005,0.01917808
2025-11-13 13:00:00,3740,3740,3740,3740,0.01,2025-11-13 14:00:00,37.4,1,1763013600000,1763017200000,103590.74000000,100000,0.00285388,0.01632420,0.01917808
2025-11-13 14:00:00,3740,3740,3740,3740,0,2025-11-13 15:00:00,0,0,1763017200000,1763020800000,103475.66000000,100000,0.00273973,0.01643836,0.01917808
2025-11-13 15:00:00,3740,3740,3740,3740,0,2025-11-13 16:00:00,0,0,1763020800000,1763024400000,103684.06000000,100000,0.00262557,0.01655251,0.01917808
2025-11-13 16:00:00,3740,3740,3740,3740,0,2025-11-13 17:00:00,0,0,1763024400000,1763028000000,102827.00000000,100000,0.00251142,0.01666667,0.01917808
2025-11-13 17:00:00,3045,3045,3045,3045,0.01,2025-11-13 18:00:00,30.45,1,1763028000000,1763031600000,102991.22000000,100000,0.00239726,0.01678082,0.01917808
2025-11-13 18:00:00,3045,3045,3045,3045,0,2025-11-13 19:00:00,0,0,1763031600000,1763035200000,102936.50000000,100000,0.00228311,0.01689498,0.01917808
2025-11-13 19:00:00,3245,3245,3245,3245,0.01,2025-11-13 20:00:00,32.45,1,1763035200000,1763038800000,103143.45000000,100000,0.00216895,0.01700913,0.01917808
2025-11-13 20:00:00,3245,3245,3245,3245,0,2025-11-13 21:00:00,0,0,1763038800000,1763042400000,102326.48000000,100000,0.00205479,0.01712329,0.01917808
2025-11-13 21:00:00,3245,3245,3245,3245,0,2025-11-13 22:00:00,0,0,1763042400000,1763046000000,102873.14000000,100000,0.00194064,0.01723744,0.01917808
2025-11-13 22:00:00,3245,3245,3245,3245,0,2025-11-13 23:00:00,0,0,1763046000000,1763049600000,101382.64000000,100000,0.00182648,0.01735160,0.01917808
2025-11-13 23:00:00,1595,1615,1125,1140,1.28,2025-11-14 00:00:00,1471.7,9,1763049600000,1763053200000,100633.13000000,100000,0.00171233,0.01746575,0.01917808
2025-11-14 00:00:00,1100,1100,725,725,8.98,2025-11-14 01:00:00,7644,40,1763053200000,1763056800000,99659.99000000,100000,0.00159817,0.01757991,0.01917808
2025-11-14 01:00:00,665,750,360,445,7.01,2025-11-14 02:00:00,4181.3,43,1763056800000,1763060400000,98591.78000000,100000,0.00148402,0.01769406,0.01917808
2025-11-14 02:00:00,455,515,300,300,6.4,2025-11-14 03:00:00,2795.2,28,1763060400000,1763064000000,98682.14000000,100000,0.00136986,0.01780822,0.01917808
2025-11-14 03:00:00,270,335,220,220,27.06,2025-11-14 04:00:00,7812.65,19,1763064000000,1763067600000,98162.11000000,100000,0.00125571,0.01792237,0.01917808
2025-11-14 04:00:00,215,310,210,310,2.71,2025-11-14 05:00:00,669.55,24,1763067600000,1763071200000,98817.36000000,100000,0.00114155,0.01803653,0.01917808
2025-11-14 05:00:00,300,600,290,585,7.57,2025-11-14 06:00:00,3723.6,15,1763071200000,1763074800000,99851.82000000,100000,0.00102740,0.01815068,0.01917808
2025-11-14 06:00:00,560,885,475,630,19.3,2025-11-14 07:00:00,11817.8,26,1763074800000,1763078400000,99692.02000000,100000,0.00091324,0.01826484,0.01917808
2025-11-14 07:00:00,405,470,245,245,21.64,2025-11-14 08:00:00,6785.1,38,1763078400000,1763082000000,98973.95000000,100000,0.00079909,0.01837900,0.01917808
2025-11-14 08:00:00,260,365,235,365,2.19,2025-11-14 09:00:00,588.5,14,1763082000000,1763085600000,99255.60000000,100000,0.00068493,0.01849315,0.01917808
2025-11-14 09:00:00,375,385,275,285,17.01,2025-11-14 10:00:00,5944.55,162,1763085600000,1763089200000,99620.00000000,100000,0.00057078,0.01860731,0.01917808
2025-11-14 10:00:00,265,265,90,110,25.37,2025-11-14 11:00:00,3716.9,52,1763089200000,1763092800000,99139.38000000,100000,0.00045662,0.01872146,0.01917808
2025-11-14 11:00:00,105,105,15,50,71.06,2025-11-14 12:00:00,4813.95,156,1763092800000,1763096400000,97823.98000000,100000,0.00034247,0.01883562,0.01917808
2025-11-14 12:00:00,35,50,20,25,2.6,2025-11-14 13:00:00,100.75,13,1763096400000,1763100000000,97523.98000000,100000,0.00022831,0.01894977,0.01917808
2025-11-14 13:00:00,15,20,5,5,7.72,2025-11-14 14:00:00,95,9,1763100000000,1763103600000,97569.13000000,100000,0.00011416,0.01906393,0.01917808
2025-11-14 14:00:00,10,10,5,5,11.79,2025-11-14 15:00:00,106.65,7,1763103600000,1763107200000,97151.98000000,100000,0.00000000,0.01917808,0.01917808
2025-11-14 15:00:00,5,5,5,5,0,2025-11-14 16:00:00,0,0,1763107200000,1763110800000,97377.41000000,100000,-0.00011416,0.01929224,0.01917808
